<Ui	xmlns="http://www.blizzard.com/wow/ui/"	xmlns:xsi="http://www.w3.org/2001/XMLSchema-instance"	xsi:schemaLocation="http://www.blizzard.com/wow/ui/
..\FrameXML\UI.xsd">
	<Script	file="MetaMapEXP.lua"/>

	<Frame name="EXP_ExportFrame" toplevel="true" parent="MetaMap_DialogFrame" hidden="true">
		<Size><AbsDimension	x="500"	y="100"	/></Size>
		<Anchors>
			<Anchor	point="BOTTOM">
			 <Offset><AbsDimension x="0" y="65"/></Offset>
			</Anchor>
		</Anchors>
		<Backdrop bgFile="Interface\DialogFrame\UI-DialogBox-Background" edgeFile="Interface\Tooltips\UI-Tooltip-Border" tile="true">
			<BackgroundInsets>
				<AbsInset left="4" right="4" top="4" bottom="4" />
			</BackgroundInsets>
			<TileSize>
				<AbsValue val="16" />
			</TileSize>
			<EdgeSize>
				<AbsValue val="16" />
			</EdgeSize>
		</Backdrop>
		<Layers>
			<Layer level="ARTWORK">
				<FontString	name="EXP_ConfirmationHeader"	inherits="GameFontHighlight"	wraponspaces="true"	text="">
					<Size><AbsDimension	x="360"	y="0"	/></Size>
					<Anchors>
						<Anchor	point="TOP">
						 <Offset><AbsDimension x="0" y="-10"/></Offset>
						</Anchor>
					 </Anchors>
				 </FontString>
			 </Layer>
		</Layers>
		<Frames>
			<Button	name="EXP_SelectionButton1" inherits="UIPanelButtonTemplate2" text="">
				 <Size><AbsDimension x="120" y="24"/></Size>
				 <Anchors>
						<Anchor	point="BOTTOM">
						 <Offset><AbsDimension x="-140" y="40"	/></Offset>
					 </Anchor>
				 </Anchors>
				 <Scripts>
					<OnClick>
						EXP_SelectedExport(this:GetText());
					</OnClick>
				</Scripts>
			</Button>
			<Button	name="EXP_SelectionButton2" inherits="UIPanelButtonTemplate2" text="">
				 <Size><AbsDimension x="120" y="24"/></Size>
				 <Anchors>
						<Anchor	point="BOTTOM">
						 <Offset><AbsDimension x="0" y="40"	/></Offset>
					 </Anchor>
				 </Anchors>
				 <Scripts>
					<OnClick>
						EXP_SelectedExport(this:GetText());
					</OnClick>
				</Scripts>
			</Button>
			<Button	name="EXP_SelectionButton3" inherits="UIPanelButtonTemplate2" text="">
				 <Size><AbsDimension x="120" y="24"/></Size>
				 <Anchors>
						<Anchor	point="BOTTOM">
						 <Offset><AbsDimension x="140" y="40"	/></Offset>
					 </Anchor>
				 </Anchors>
				 <Scripts>
					<OnClick>
						EXP_SelectedExport(this:GetText());
					</OnClick>
				</Scripts>
			</Button>
			<Button	name="EXP_SelectionButton4" inherits="UIPanelButtonTemplate2" text="">
				 <Size><AbsDimension x="120" y="24"/></Size>
				 <Anchors>
						<Anchor	point="BOTTOM">
						 <Offset><AbsDimension x="-140" y="10"	/></Offset>
					 </Anchor>
				 </Anchors>
				 <Scripts>
					<OnClick>
						EXP_SelectedExport(this:GetText());
					</OnClick>
				</Scripts>
			</Button>
			<Button	name="EXP_SelectionButton5" inherits="UIPanelButtonTemplate2" text="">
				 <Size><AbsDimension x="120" y="24"/></Size>
				 <Anchors>
						<Anchor	point="BOTTOM">
						 <Offset><AbsDimension x="0" y="10"	/></Offset>
					 </Anchor>
				 </Anchors>
				 <Scripts>
					<OnClick>
						EXP_SelectedExport(this:GetText());
					</OnClick>
				</Scripts>
			</Button>
			<Button	name="EXP_CancelButton" inherits="UIPanelButtonTemplate2" text="METAMAP_CANCEL">
				 <Size><AbsDimension x="120" y="24"/></Size>
				 <Anchors>
						<Anchor	point="BOTTOM">
						 <Offset><AbsDimension x="140" y="10"	/></Offset>
					 </Anchor>
				 </Anchors>
				 <Scripts>
					<OnClick>
						this:GetParent():Hide();
					</OnClick>
				</Scripts>
			</Button>
		</Frames>
	</Frame>
</Ui>
