<Ui xmlns="http://www.blizzard.com/wow/ui/" xmlns:xsi="http://www.w3.org/2001/XMLSchema-instance" xsi:schemaLocation="http://www.blizzard.com/wow/ui/ ..\..\FrameXML\UI.xsd">
	<Script file="MetaMapTRK.loc"/>
	<Script file="MetaMapTRK.lua"/>
	
	<Button	name="TRK_NodeTemplate" hidden="true" virtual="true">
		<Size><AbsDimension	x="14" y="14"/></Size>
		<Anchors>
			<Anchor	point="CENTER"/>
		</Anchors>
		<Layers>
			<Layer level="ARTWORK">
				<Texture name="$parentTexture" setAllPoints="true"/>
			</Layer>
		</Layers>
		<Scripts>
			<OnLoad>
				this:RegisterForClicks("LeftButtonDown", "RightButtonDown");
			</OnLoad>
			<OnEnter>
				TRK_NodeOnEnter(this.ref, this.node);
			</OnEnter>
			<OnLeave>
				WorldMapTooltip:Hide()
			</OnLeave>
			<OnClick>
				TRK_NodeOnClick(this.node);
			</OnClick>
		</Scripts>
	</Button>

	<Button name="TRK_ButtonTemplate" virtual="true">
		<Layers>
			<Layer level="ARTWORK">
				<FontString name="$parentHeader" inherits="MetaMap_FontTemplate" justifyH="LEFT" text="">
					<Size><AbsDimension	x="250"	y="14"/></Size>
					<Anchors>
						<Anchor point="LEFT">
						</Anchor>
					</Anchors>
				</FontString>
				<FontString name="$parentText" inherits="MetaMap_FontTemplate" justifyH="LEFT" text="">
					<Size><AbsDimension	x="250"	y="14"/></Size>
					<Anchors>
						<Anchor point="LEFT">
							<Offset><AbsDimension x="10" y="0"/></Offset>
						</Anchor>
					</Anchors>
				</FontString>
				<FontString name="$parentZones" inherits="MetaMap_FontTemplate" justifyH="LEFT" text="">
					<Size><AbsDimension	x="200"	y="14"/></Size>
					<Anchors>
						<Anchor point="LEFT" relativeTo="$parentText" relativePoint="LEFT">
							<Offset><AbsDimension x="10" y="0"/></Offset>
						</Anchor>
					</Anchors>
				</FontString>
				<FontString name="$parentNodes" inherits="MetaMap_FontTemplate" text="">
					<Size><AbsDimension	x="70"	y="14"/></Size>
					<Anchors>
						<Anchor point="LEFT" relativeTo="$parentText" relativePoint="RIGHT">
						</Anchor>
					</Anchors>
				</FontString>
				<FontString name="$parentLevel" inherits="MetaMap_FontTemplate" text="">
					<Size><AbsDimension	x="100"	y="14"/></Size>
					<Anchors>
						<Anchor point="LEFT" relativeTo="$parentNodes" relativePoint="RIGHT">
						</Anchor>
					</Anchors>
				</FontString>
				<FontString name="$parentCount" inherits="MetaMap_FontTemplate" text="">
					<Size><AbsDimension	x="80"	y="14"/></Size>
					<Anchors>
						<Anchor point="LEFT" relativeTo="$parentLevel" relativePoint="RIGHT">
						</Anchor>
					</Anchors>
				</FontString>
			</Layer>
			<Layer level="BACKGROUND">
				<Texture name="$parentHighlight" file="Interface\QuestFrame\UI-QuestTitleHighlight"	alphaMode="ADD"	setAllPoints="true"	hidden="true"/>
			</Layer>
		</Layers>
		<Scripts>
			<OnLoad>
				this:RegisterForClicks("LeftButtonUp", "RightButtonUp");
			</OnLoad>
			<OnEnter>
				getglobal(this:GetName().."Highlight"):SetVertexColor(0.5, 0.5, 0.5);
				getglobal(this:GetName().."Highlight"):Show();
			</OnEnter>
			<OnClick>
				TRK_DisplayButtonOnClick(this.ref);
			</OnClick>
			<OnLeave>
				getglobal(this:GetName().."Highlight"):Hide();
				WorldMapTooltip:Hide();
			</OnLeave>
		</Scripts>
	</Button>

	<Frame name="TRK_DisplayFrame" parent="MetaMapContainerFrame" enableMouse="true" hidden="true">
		<Anchors>
			<Anchor point="CENTER">
				<Offset>
					<AbsDimension x="0" y="0"/>
				</Offset>
			</Anchor>
		</Anchors>
		<Backdrop bgFile="Interface\DialogFrame\UI-DialogBox-Background" tile="true"/>
		<Layers>
			<Layer level="ARTWORK">
				<FontString	name="TRK_HeaderText" toplevel="true" inherits="MetaMap_HeaderTemplate"	text="">
					<Anchors>
						<Anchor	point="TOP">
							<Offset>
								<AbsDimension	x="0"	y="-8"/>
							</Offset>
						</Anchor>
					</Anchors>
				</FontString>
				<FontString	name="TRK_InfoText1" toplevel="true" inherits="MetaMap_FontTemplate" justifyH="LEFT" text="">
					<Anchors>
						<Anchor	point="TOPLEFT">
							<Offset>
								<AbsDimension	x="10"	y="-10"/>
							</Offset>
						</Anchor>
					</Anchors>
				</FontString>
				<FontString	name="TRK_InfoText2" toplevel="true" inherits="MetaMap_FontTemplate" justifyH="RIGHT" text="">
					<Anchors>
						<Anchor	point="TOPRIGHT">
							<Offset>
								<AbsDimension	x="-10"	y="-10"/>
							</Offset>
						</Anchor>
					</Anchors>
				</FontString>
			</Layer>
		</Layers>
		<Frames>
			<Frame name="TRK_HeaderPanel">
				<Size><AbsDimension	x="400" y="16"/></Size>
				<Anchors>
					<Anchor	point="TOPLEFT">
						<Offset><AbsDimension	x="0"	y="-36"/></Offset>
					</Anchor>
				</Anchors>
				<Backdrop	bgFile="Interface\DialogFrame\UI-DialogBox-Background"/>
				<Frames>
					<Button	name="TRK_Header1" text="TRK_HEADER_CAT">
						<Size><AbsDimension	x="80" y="16"/></Size>
						<Anchors>
							<Anchor	point="BOTTOMLEFT">
								<Offset><AbsDimension	x="0" y="0"/></Offset>
							</Anchor>
						</Anchors>
						<NormalFont inherits="GameFontNormal" justifyH="LEFT"/>
					</Button>
					<Button	name="TRK_Header2" text="TRK_HEADER_NAME">
						<Size><AbsDimension	x="200" y="16"/></Size>
						<Anchors>
							<Anchor	point="LEFT" relativeTo="TRK_Header1" relativePoint="RIGHT">
								<Offset><AbsDimension	x="-2" y="0"/></Offset>
							</Anchor>
						</Anchors>
						<NormalFont inherits="GameFontNormal" justifyH="LEFT"/>
					</Button>
					<Button	name="TRK_Header3" text="TRK_HEADER_NODES">
						<Size><AbsDimension	x="90" y="16"/></Size>
						<Anchors>
							<Anchor	point="LEFT" relativeTo="TRK_Header2" relativePoint="RIGHT">
								<Offset><AbsDimension	x="-2" y="0"/></Offset>
							</Anchor>
						</Anchors>
						<NormalFont inherits="GameFontNormal" justifyH="LEFT"/>
					</Button>
					<Button	name="TRK_Header4" text="TRK_HEADER_LEVEL">
						<Size><AbsDimension	x="90" y="16"/></Size>
						<Anchors>
							<Anchor	point="LEFT" relativeTo="TRK_Header3" relativePoint="RIGHT">
								<Offset><AbsDimension	x="-2" y="0"/></Offset>
							</Anchor>
						</Anchors>
						<NormalFont inherits="GameFontNormal" justifyH="LEFT"/>
					</Button>
					<Button	name="TRK_Header5" text="TRK_HEADER_COUNT">
						<Size><AbsDimension	x="90" y="16"/></Size>
						<Anchors>
							<Anchor	point="LEFT" relativeTo="TRK_Header4" relativePoint="RIGHT">
								<Offset><AbsDimension	x="-2" y="0"/></Offset>
							</Anchor>
						</Anchors>
						<NormalFont inherits="GameFontNormal" justifyH="LEFT"/>
					</Button>
				</Frames>
				<Scripts>
					<OnShow>
						this:SetWidth(this:GetParent():GetWidth());
					</OnShow>
				</Scripts>
			</Frame>
			<Frame name="TRK_FooterPanel" toplevel="true">
				<Anchors>
					<Anchor	point="BOTTOMLEFT">
						<Offset><AbsDimension	x="0"	y="0" /></Offset>
					</Anchor>
				</Anchors>
				<Frames>
					<EditBox name="TRK_SearchBox" inherits="MetaMap_SearchBoxTemplate">
						<Anchors> 
							<Anchor point="LEFT">
								<Offset><AbsDimension x="80" y="0"/></Offset>
							</Anchor>
						</Anchors> 
						<Scripts>
							<OnTextChanged>
								TRK_LastSearch = this:GetText();
								TRK_DisplayInit();
							</OnTextChanged>
						</Scripts>
					</EditBox>
					<Frame name="TRK_FilterSelect" inherits="MetaMap_DropdownTemplate">
						<Size><AbsDimension	x="220"	y="24" /></Size>
						<Anchors>
							<Anchor point="LEFT" relativeTo="TRK_SearchBox" relativePoint="RIGHT">
								<Offset><AbsDimension x="40" y="0"/></Offset>
							</Anchor>
						</Anchors>
					</Frame>
					<Button	name="TRK_OptionsButton" inherits="UIPanelButtonTemplate2" text="TRK_OPTIONS_TEXT">
						<Size>
							<AbsDimension	x="80"	y="20"/>
						</Size>
						<Anchors>
							<Anchor	point="LEFT" relativeTo="TRK_FilterSelect" relativePoint="RIGHT">
								<Offset><AbsDimension	x="40"	y="0"/></Offset>
							</Anchor>
						</Anchors>
						<Scripts>
							<OnClick>
								MetaMap_ToggleFrame(TRK_OptionsFrame);
							</OnClick>
						</Scripts>
					</Button>
					<Button	name="TRK_HelpButton" inherits="UIPanelButtonTemplate2" text="?">
						<Size>
							<AbsDimension	x="26" y="20"/>
						</Size>
						<Anchors>
							<Anchor	point="LEFT" relativeTo="TRK_OptionsButton" relativePoint="RIGHT">
								<Offset><AbsDimension	x="40"	y="0"/></Offset>
							</Anchor>
						</Anchors>
						<Scripts>
							<OnEnter>
								TRK_HintTooltip();
							</OnEnter>
							<OnLeave>
								WorldMapTooltip:Hide();
							</OnLeave>
							<OnClick>
								MetaMap_ContextHelp("MetaMapTRK");
							</OnClick>
						</Scripts>
					</Button>
				</Frames>
				<Scripts>
					<OnLoad>
						this:SetHeight(60);
						this:SetWidth(MetaMapContainerFrame:GetWidth());
						this:SetFrameLevel(MetaMapContainerFrame:GetFrameLevel()+2);
					</OnLoad>
				</Scripts>
			</Frame>
			<ScrollFrame name="TRK_ScrollFrame" inherits="UIPanelScrollFrameTemplate">
				<Size>
					<AbsDimension x="256" y="512"/>
				</Size>
				<Anchors>
					<Anchor point="TOPLEFT" relativeTo="TRK_DisplayFrame" relativePoint="TOPLEFT">
						<Offset>
							<AbsDimension x="0" y="-38"/>
						</Offset>
					</Anchor>
					<Anchor point="RIGHT" relativeTo="TRK_DisplayFrame" relativePoint="RIGHT">
						<Offset>
							<AbsDimension x="-22" y="0"/>
						</Offset>
					</Anchor>
					<Anchor point="BOTTOMLEFT" relativeTo="TRK_DisplayFrame" relativePoint="BOTTOMLEFT">
						<Offset>
							<AbsDimension x="0" y="60"/>
						</Offset>
					</Anchor>
				</Anchors>
				<ScrollChild>
					<Frame name="TRK_ScrollChild">
						<Size>
							<AbsDimension x="600" y="500"/>
						</Size>
						<Anchors>
							<Anchor point="TOPLEFT"/>
							<Anchor point="TOPRIGHT"/>
						</Anchors>
					</Frame>
				</ScrollChild>
			</ScrollFrame>
		</Frames>
		<Scripts>
			<OnLoad>
				this:SetWidth(MetaMapContainerFrame:GetWidth());
				this:SetHeight(MetaMapContainerFrame:GetHeight());
				TRK_ScrollChild:SetWidth(this:GetWidth());
			</OnLoad>
			<OnHide>
				TRK_OptionsFrame:Hide();
			</OnHide>
		</Scripts>
	</Frame>

	<Frame name="TRK_OptionsFrame" inherits="MetaMap_OptionsFrameTemplate" toplevel="true" hidden="true" parent="UIParent">
		<Frames>
			<CheckButton name="TRK_Check_Herbs" inherits="MetaMap_CheckButtonTemplate">
				<Anchors>
					<Anchor	point="TOPLEFT">
						<Offset><AbsDimension	x="15" y="-35" /></Offset>
					</Anchor>
				</Anchors>
				<Scripts>
					<OnLoad>
						this.option = string.gsub(this:GetName(), "TRK_Check_", "");
						getglobal(this:GetName().."Text"):SetText(TRK_OPTIONS_HERBS);
					</OnLoad>
					<OnShow>
						this:SetChecked(TRK_Options[this.option]);
					</OnShow>
					<OnClick>
						TRK_ToggleOptions(this.option);
					</OnClick>
				</Scripts>
			</CheckButton>
			<CheckButton name="TRK_Check_Ores" inherits="MetaMap_CheckButtonTemplate">
				<Anchors>
					<Anchor	point="TOPLEFT" relativeTo="TRK_Check_Herbs">
						<Offset><AbsDimension	x="0"	y="-30" /></Offset>
					</Anchor>
				</Anchors>
				<Scripts>
					<OnLoad>
						this.option = string.gsub(this:GetName(), "TRK_Check_", "");
						getglobal(this:GetName().."Text"):SetText(TRK_OPTIONS_ORES);
					</OnLoad>
					<OnShow>
						this:SetChecked(TRK_Options[this.option]);
					</OnShow>
					<OnClick>
						TRK_ToggleOptions(this.option);
					</OnClick>
				</Scripts>
			</CheckButton>
			<CheckButton name="TRK_Check_Treasure" inherits="MetaMap_CheckButtonTemplate">
				<Anchors>
					<Anchor	point="TOPLEFT" relativeTo="TRK_Check_Ores">
						<Offset><AbsDimension	x="0"	y="-30" /></Offset>
					</Anchor>
				</Anchors>
				<Scripts>
					<OnLoad>
						this.option = string.gsub(this:GetName(), "TRK_Check_", "");
						getglobal(this:GetName().."Text"):SetText(TRK_OPTIONS_TREASURE);
					</OnLoad>
					<OnShow>
						this:SetChecked(TRK_Options[this.option]);
					</OnShow>
					<OnClick>
						TRK_ToggleOptions(this.option);
					</OnClick>
				</Scripts>
			</CheckButton>
			<CheckButton name="TRK_Check_Unmined" inherits="MetaMap_CheckButtonTemplate">
				<Anchors>
					<Anchor	point="TOPLEFT" relativeTo="TRK_Check_Treasure">
						<Offset><AbsDimension	x="0"	y="-30" /></Offset>
					</Anchor>
				</Anchors>
				<Scripts>
					<OnLoad>
						this.option = string.gsub(this:GetName(), "TRK_Check_", "");
						getglobal(this:GetName().."Text"):SetText(TRK_OPTIONS_UNMINED);
					</OnLoad>
					<OnShow>
						this:SetChecked(TRK_Options[this.option]);
					</OnShow>
					<OnClick>
						TRK_ToggleOptions(this.option);
					</OnClick>
				</Scripts>
			</CheckButton>
			<Button	name="TRK_ExclusionMenu" inherits="MetaMap_DropdownTemplate" id="88">
				<Size><AbsDimension	x="160"	y="20"/></Size>
				<Anchors>
					<Anchor	point="TOPLEFT">
						<Offset><AbsDimension	x="260" y="-45"/></Offset>
					</Anchor>
				</Anchors>
				<Scripts>
					<OnLoad>
						this:SetScale(0.9);
					</OnLoad>
				</Scripts>
			</Button>
			<Slider	name="TRK_Slider_Padding"	inherits="OptionsSliderTemplate">
				<Size><AbsDimension	x="120"	y="16"/></Size>
				<Anchors>
					<Anchor	point="BOTTOMLEFT">
						<Offset>
							<AbsDimension	x="15"	y="40"	/>
						</Offset>
					</Anchor>
				</Anchors>
				<Scripts>
					<OnLoad>
						this.option = string.gsub(this:GetName(), "TRK_Slider_", "");
						getglobal(this:GetName().."High"):SetText();
						getglobal(this:GetName().."Low"):SetText();
						this:SetMinMaxValues(0, 30);
						this:SetValueStep(1);
					</OnLoad>
					<OnShow>
						this:SetValue(TRK_Options[this.option]);
						getglobal(this:GetName().."Text"):SetText(TRK_OPTIONS_PADDING.." |cff00ff00"..this:GetValue());
					</OnShow>
					<OnValueChanged>
						getglobal(this:GetName().."Text"):SetText(TRK_OPTIONS_PADDING.." |cff00ff00"..this:GetValue());
						TRK_ToggleOptions(this.option, this:GetValue());
						TRK_DisplayInit();
					</OnValueChanged>
				</Scripts>
			</Slider>
		</Frames>
		<Scripts>
			<OnLoad>
				getglobal(this:GetName().."Text"):SetText("MetaMapTRK");
				getglobal(this:GetName().."Text"):SetTextHeight(14);
			</OnLoad>
		</Scripts>		
	</Frame>

	<Frame name="TRK_QuickMenu" inherits="UIDropDownMenuTemplate" parent="UIParent"></Frame>

	<Frame name="TRK_EventFrame" parent="UIParent">
		<Scripts>
			<OnLoad>
				TRK_OnLoad();
			</OnLoad>
			<OnEvent>
				TRK_OnEvent(event, arg1);
			</OnEvent>
		</Scripts>
	</Frame>
</Ui>
