<Ui xmlns="http://www.blizzard.com/wow/ui/" xmlns:xsi="http://www.w3.org/2001/XMLSchema-instance" xsi:schemaLocation="http://www.blizzard.com/wow/ui/
..\FrameXML\UI.xsd">
	<Script file="MetaMapCVT.lua"/>

	<Frame name="CVT_ImportFrame"	toplevel="true" parent="MetaMap_DialogFrame" hidden="true">
		<Size><AbsDimension	x="500"	y="100"	/></Size>
		<Anchors>
			<Anchor	point="BOTTOM">
			 <Offset><AbsDimension x="0" y="65"/></Offset>
			</Anchor>
		</Anchors>
		<Backdrop bgFile="Interface\DialogFrame\UI-DialogBox-Background" edgeFile="Interface\Tooltips\UI-Tooltip-Border" tile="true">
			<BackgroundInsets>
				<AbsInset left="4" right="4" top="4" bottom="4" />
			</BackgroundInsets>
			<TileSize>
				<AbsValue val="16" />
			</TileSize>
			<EdgeSize>
				<AbsValue val="16" />
			</EdgeSize>
		</Backdrop>
		<Layers>
			<Layer level="ARTWORK">
				<FontString	name="CVT_ConfirmationHeader"	inherits="GameFontHighlight" wraponspaces="true" text="">
					<Size><AbsDimension	x="360"	y="0"	/></Size>
					<Anchors>
						<Anchor	point="TOP">
						 <Offset><AbsDimension x="0" y="-10"/></Offset>
						</Anchor>
					 </Anchors>
				 </FontString>
			 </Layer>
		</Layers>
		<Frames>
			<Button	name="CVT_ImportButton" inherits="UIPanelButtonTemplate2" text="METAMAP_IMPORT_BUTTON">
				 <Size><AbsDimension x="100" y="24"/></Size>
				 <Anchors>
						<Anchor	point="BOTTOM">
						 <Offset><AbsDimension x="-60" y="10"	/></Offset>
					 </Anchor>
				 </Anchors>
				 <Scripts>
					<OnClick>
						CVT_SelectedImport(this.value);
					</OnClick>
				</Scripts>
			</Button>
			<Button	name="CVT_CancelButton" inherits="UIPanelButtonTemplate2" text="METAMAP_CANCEL">
				 <Size><AbsDimension x="100" y="24"/></Size>
				 <Anchors>
						<Anchor	point="BOTTOM">
						 <Offset><AbsDimension x="60" y="10"	/></Offset>
					 </Anchor>
				 </Anchors>
				 <Scripts>
					<OnClick>
						this:GetParent():Hide();
					</OnClick>
				</Scripts>
			</Button>
		</Frames>
	</Frame>
</Ui>
